runid,topic,P-IA@5,P-IA@20,alpha-DCG@5,strec@10,MAP-IA,alpha-nDCG@5,ERR-IA@20,ERR-IA@10,nNRBP,strec@5,P-IA@10,nERR-IA@20,strec@20,ERR-IA@5,alpha-nDCG@20,nERR-IA@5,alpha-DCG@20,alpha-nDCG@10,NRBP,alpha-DCG@10,nERR-IA@10
_,1,0.000000,0.000000,0.000000,0.000000,0.000000,0.000000,0.000000,0.000000,-nan,0.000000,0.000000,0.000000,0.000000,0.000000,0.000000,0.000000,0.000000,0.000000,0.000000,0.000000,0.000000
_,2,0.120000,0.050000,0.314374,1.000000,0.506667,0.634487,0.365483,0.365526,0.653846,0.600000,0.100000,0.760000,1.000000,0.319516,0.823866,0.660000,0.402619,0.823866,0.318750,0.402758,0.760000
_,3,0.360000,0.100000,0.622115,1.000000,0.641667,0.887763,0.583089,0.583159,0.864964,1.000000,0.200000,0.878623,1.000000,0.574887,0.921238,0.860507,0.636736,0.921238,0.555469,0.636955,0.878623
_,4,0.520000,0.150000,0.610667,1.000000,0.563333,0.664229,0.504342,0.504402,0.500000,1.000000,0.300000,0.546936,1.000000,0.495613,0.689744,0.533898,0.625445,0.689744,0.461719,0.625660,0.546936
_,5,0.680000,0.200000,0.903951,1.000000,0.769167,0.922747,0.899280,0.899387,0.877224,1.000000,0.400000,0.918919,1.000000,0.896218,0.940707,0.909705,0.908930,0.940707,0.866602,0.909243,0.918919
_,amean,0.336000,0.100000,0.490221,0.800000,0.496167,0.621845,0.470439,0.470495,-nan,0.720000,0.200000,0.620896,0.800000,0.457247,0.675111,0.592822,0.514746,0.675111,0.440508,0.514923,0.620896
