runid,topic,P-IA@5,P-IA@20,alpha-DCG@5,strec@10,MAP-IA,alpha-nDCG@5,ERR-IA@20,ERR-IA@10,nNRBP,strec@5,P-IA@10,nERR-IA@20,strec@20,ERR-IA@5,alpha-nDCG@20,nERR-IA@5,alpha-DCG@20,alpha-nDCG@10,NRBP,alpha-DCG@10,nERR-IA@10
_,1,0.000000,0.000000,0.000000,0.000000,0.000000,0.000000,0.000000,0.000000,-nan,0.000000,0.000000,0.000000,0.000000,0.000000,0.000000,0.000000,0.000000,0.000000,0.000000,0.000000,0.000000
_,2,0.120000,0.050000,0.314374,1.000000,0.506667,0.634487,0.365483,0.365526,0.653846,0.600000,0.100000,0.760000,1.000000,0.319516,0.823866,0.660000,0.402619,0.823866,0.318750,0.402758,0.760000
_,3,0.360000,0.100000,0.626680,1.000000,0.633333,0.894277,0.589101,0.589170,0.879562,1.000000,0.200000,0.887681,1.000000,0.580938,0.927752,0.869565,0.641239,0.927752,0.564844,0.641460,0.887681
_,4,0.480000,0.150000,0.589034,1.000000,0.542222,0.640699,0.491719,0.491777,0.480964,1.000000,0.300000,0.533246,1.000000,0.476853,0.678972,0.513690,0.615677,0.678972,0.444141,0.615889,0.533246
_,5,0.680000,0.200000,0.951900,1.000000,0.920833,0.971694,0.964802,0.964917,0.979241,1.000000,0.400000,0.985872,1.000000,0.962179,0.989653,0.976658,0.956223,0.989653,0.967383,0.956552,0.985872
_,amean,0.328000,0.100000,0.496398,0.800000,0.520611,0.628231,0.482221,0.482278,-nan,0.720000,0.200000,0.633360,0.800000,0.467897,0.684049,0.603983,0.523152,0.684049,0.459023,0.523332,0.633360
